{
  "@microsoft/generator-sharepoint": {
    "plusBeta": false,
    "isCreatingSolution": true,
    "nodeVersion": "18.20.4",
    "sdksVersions": {
      "@microsoft/microsoft-graph-client": "3.0.2",
      "@microsoft/teams-js": "2.12.0"
    },
    "version": "1.19.0",
    "libraryName": "chatbot-spfx",
    "libraryId": "b8fcd32f-cad8-495f-9b82-11f308bac5f0",
    "environment": "spo",
    "packageManager": "npm",
    "solutionName": "chatbot-spfx",
    "solutionShortDescription": "chatbot-spfx description",
    "skipFeatureDeployment": true,
    "isDomainIsolated": false,
    "componentType": "webpart"
  }
}
