{
  "id": "c6a95420-ecb7-454f-8ef7-08cb8da64ed0",
  "alias": "MeetingattendenceWebPart",
  "componentType": "WebPart",
  "version": "0.0.1",
  "manifestVersion": 2,
  "requiresCustomScript": false,
  "supportedHosts": [
    "SharePointWebPart",
    "TeamsPersonalApp",
    "TeamsTab",
    "SharePointFullPage"
  ],
  "supportsThemeVariants": true,
  "preconfiguredEntries": [
    {
      "groupId": "5c03119e-3074-46fd-976b-c60198311f70",
      "group": {
        "default": "Advanced"
      },
      "title": {
        "default": "meetingattendence"
      },
      "description": {
        "default": "meetingattendence description"
      },
      "officeFabricIconFontName": "Page",
      "properties": {
        "description": "meetingattendence"
      }
    }
  ],
  "loaderConfig": {
    "internalModuleBaseUrls": [
      "<!-- PATH TO CDN -->"
    ],
    "entryModuleId": "meetingattendence-web-part",
    "scriptResources": {
      "meetingattendence-web-part": {
        "type": "path",
        "path": "meetingattendence-web-part.js"
      },
      "react": {
        "type": "component",
        "id": "0d910c1c-13b9-4e1c-9aa4-b008c5e42d7d",
        "version": "17.0.1"
      },
      "react-dom": {
        "type": "component",
        "id": "aa0a46ec-1505-43cd-a44a-93f3a5aa460a",
        "version": "17.0.1"
      },
      "@microsoft/sp-core-library": {
        "type": "component",
        "id": "7263c7d0-1d6a-45ec-8d85-d4d1d234171b",
        "version": "1.19.0"
      },
      "@microsoft/sp-property-pane": {
        "type": "component",
        "id": "f9e737b7-f0df-4597-ba8c-3060f82380db",
        "version": "1.19.0"
      },
      "@microsoft/sp-webpart-base": {
        "type": "component",
        "id": "974a7777-0990-4136-8fa6-95d80114c2e0",
        "version": "1.19.0"
      },
      "MeetingattendenceWebPartStrings": {
        "type": "path",
        "path": "MeetingattendenceWebPartStrings_en-us.js"
      },
      "ControlStrings": {
        "type": "localizedPath",
        "paths": {
          "bg-BG": "ControlStrings_bg-bg.js",
          "ca-ES": "ControlStrings_ca-es.js",
          "da-DK": "ControlStrings_da-dk.js",
          "de-DE": "ControlStrings_de-de.js",
          "el-GR": "ControlStrings_el-gr.js",
          "en-US": "ControlStrings_en-us.js",
          "es-ES": "ControlStrings_es-es.js",
          "et-EE": "ControlStrings_et-ee.js",
          "eu-ES": "ControlStrings_eu-es.js",
          "fi-FI": "ControlStrings_fi-fi.js",
          "fr-CA": "ControlStrings_fr-ca.js",
          "fr-FR": "ControlStrings_fr-fr.js",
          "it-IT": "ControlStrings_it-it.js",
          "ja-JP": "ControlStrings_ja-jp.js",
          "lt-LT": "ControlStrings_lt-lt.js",
          "lv-LV": "ControlStrings_lv-lv.js",
          "nb-NO": "ControlStrings_nb-no.js",
          "nl-NL": "ControlStrings_nl-nl.js",
          "pl-PL": "ControlStrings_pl-pl.js",
          "pt-BR": "ControlStrings_pt-br.js",
          "pt-PT": "ControlStrings_pt-pt.js",
          "ro-RO": "ControlStrings_ro-ro.js",
          "ru-RU": "ControlStrings_ru-ru.js",
          "sk-SK": "ControlStrings_sk-sk.js",
          "sr-Latn-RS": "ControlStrings_sr-latn-rs.js",
          "sv-SE": "ControlStrings_sv-se.js",
          "tr-TR": "ControlStrings_tr-tr.js",
          "vi-VN": "ControlStrings_vi-vn.js",
          "zh-CN": "ControlStrings_zh-cn.js",
          "zh-TW": "ControlStrings_zh-tw.js"
        },
        "defaultPath": "ControlStrings_en-us.js"
      },
      "@microsoft/sp-http": {
        "type": "component",
        "id": "c07208f0-ea3b-4c1a-9965-ac1b825211a6",
        "version": "1.19.0"
      },
      "@microsoft/sp-lodash-subset": {
        "type": "component",
        "id": "73e1dc6c-8441-42cc-ad47-4bd3659f8a3a",
        "version": "1.19.0"
      }
    }
  }
}